Model Name,Accuracy,Precision,Recall,F1-Score,Training Time (s),Testing Time (s)
LSTM,0.898052990436554,0.40607925642229126,0.24654937335471674,0.2875837005327429,1901.88538479805,43.752299547195435
