Model Name,Accuracy,Precision,Recall,F1-Score,Training Time (s),Testing Time (s)
LSTM,0.898052990436554,0.8980530006240146,0.8980530006240146,0.8980530006240146,1901.88538479805,43.752299547195435
