Model Name,Accuracy,Precision,Recall,F1-Score,Training Time (s),Testing Time (s)
LSTM,0.8972702026367188,0.8972702130880599,0.8972702130880599,0.8972702130880599,821.7736685276031,28.801254987716675
