Model Name,Accuracy,Precision,Recall,F1-Score,Training Time (s),Testing Time (s)
LSTM,0.8972702026367188,0.3397997780098901,0.2134082707746027,0.24445239753854534,821.7736685276031,28.801254987716675
