epoch,accuracy,loss,lr,val_accuracy,val_loss
0,0.9018892645835876,0.35051262378692627,0.001,0.8587653040885925,0.48700761795043945
1,0.9068319201469421,0.3206698000431061,0.001,0.8626987338066101,0.48495811223983765
2,0.9096390008926392,0.3042753338813782,0.001,0.8606119751930237,0.4928538203239441
3,0.9124892950057983,0.29092150926589966,0.001,0.8609259128570557,0.4894881546497345
4,0.914852499961853,0.2786999046802521,0.001,0.8573064208030701,0.5118624567985535
5,0.9227064847946167,0.2430855631828308,0.000100000005,0.8577865362167358,0.5254803895950317
6,0.927370548248291,0.22484640777111053,0.000100000005,0.8571217656135559,0.5416929721832275
7,0.9305643439292908,0.21330736577510834,0.000100000005,0.8554966449737549,0.5627561807632446
