Model Name,Accuracy,Precision,Recall,F1-Score,Training Time (s),Testing Time (s)
LSTM,0.8987730145454407,0.8987730174613314,0.8987730174613314,0.8987730174613314,521.8774065971375,28.918164014816284
