epoch,accuracy,loss,lr,val_accuracy,val_loss
0,0.903937041759491,0.33470895886421204,0.001,0.8649147748947144,0.4676068127155304
1,0.9097496271133423,0.3010340929031372,0.001,0.8639175891876221,0.4663345515727997
2,0.9134025573730469,0.284213125705719,0.001,0.8623294234275818,0.48550885915756226
3,0.9160646200180054,0.269950807094574,0.001,0.8629941940307617,0.4785154461860657
4,0.9241374135017395,0.23421281576156616,0.000100000005,0.8620339632034302,0.48511165380477905
