Model Name,Accuracy,Precision,Recall,F1-Score,Training Time (s),Testing Time (s)
LSTM,0.8987730145454407,0.42877159690876115,0.23017945104532814,0.27427768878642883,521.8774065971375,28.918164014816284
