Model Name,Accuracy,Precision,Recall,F1-Score,Training Time (s),Testing Time (s)
LSTM,0.9005158543586731,0.9005158274470418,0.9005158274470418,0.9005158274470418,672.1797287464142,25.49336838722229
