Model Name,Accuracy,Precision,Recall,F1-Score,Training Time (s),Testing Time (s)
LSTM,0.9005158543586731,0.44408720766731263,0.26619514889077395,0.290954665081349,672.1797287464142,25.49336838722229
