epoch,accuracy,loss,lr,val_accuracy,val_loss
0,0.9060356616973877,0.31873297691345215,0.001,0.8694760799407959,0.4428359568119049
1,0.9147710800170898,0.27067384123802185,0.001,0.8659858703613281,0.46473413705825806
2,0.9213290214538574,0.24104690551757812,0.001,0.8634743690490723,0.49288761615753174
3,0.9264242649078369,0.21863152086734772,0.001,0.8623663187026978,0.5322598814964294
4,0.9383788704872131,0.1754864603281021,0.000100000005,0.8632527589797974,0.553615152835846
5,0.9435631632804871,0.1573769748210907,0.000100000005,0.8621447682380676,0.5933347940444946
6,0.9469934701919556,0.14681559801101685,0.000100000005,0.8609074354171753,0.6220598220825195
