Model Name,Accuracy,Precision,Recall,F1-Score,Training Time (s),Testing Time (s)
LSTM,0.8981748223304749,0.8981748496272528,0.8981748496272528,0.8981748496272528,677.3802111148834,27.091360092163086
