epoch,accuracy,loss,lr,val_accuracy,val_loss
0,0.9035936594009399,0.33925068378448486,0.001,0.8639360070228577,0.4646748900413513
1,0.9107887744903564,0.2936047315597534,0.001,0.8614984154701233,0.48065054416656494
2,0.9172767400741577,0.26161515712738037,0.001,0.8636036515235901,0.4900607764720917
3,0.9231580495834351,0.2340543568134308,0.001,0.8600210547447205,0.5233379006385803
4,0.9349091649055481,0.18888576328754425,0.000100000005,0.8592454195022583,0.5687933564186096
5,0.9405093193054199,0.1699659377336502,0.000100000005,0.8560321927070618,0.6004860401153564
6,0.9438900351524353,0.15886391699314117,0.000100000005,0.8552935123443604,0.6357057690620422
