Model Name,Accuracy,Precision,Recall,F1-Score,Training Time (s),Testing Time (s)
LSTM,0.8981748223304749,0.4120088934271764,0.21560675046770006,0.2470488669192261,677.3802111148834,27.091360092163086
