Model Name,Accuracy,Precision,Recall,F1-Score,Training Time (s),Testing Time (s)
LSTM,0.8953575491905212,0.37923673234368693,0.20387904031270243,0.23093325661087508,1742.1895265579224,44.31001138687134
