Model Name,Accuracy,Precision,Recall,F1-Score,Training Time (s),Testing Time (s)
LSTM,0.8953575491905212,0.8728587065761804,0.8953575529766234,0.871417894940053,1742.1895265579224,44.31001138687134
