epoch,accuracy,loss,lr,val_accuracy,val_loss
0,0.9026308059692383,0.3474947512149811,0.001,0.859190046787262,0.48872110247612
1,0.9076751470565796,0.3158656358718872,0.001,0.857620358467102,0.5089284181594849
2,0.9117223620414734,0.29374393820762634,0.001,0.8595224618911743,0.5251187086105347
3,0.9158967137336731,0.2738442122936249,0.001,0.8549795746803284,0.5340515375137329
4,0.9192418456077576,0.25690218806266785,0.001,0.8578234910964966,0.5715163946151733
5,0.9302158355712891,0.2129812091588974,0.000100000005,0.8542224764823914,0.5978333353996277
6,0.9370090365409851,0.18945296108722687,0.000100000005,0.8537423014640808,0.626391589641571
7,0.9415916800498962,0.17493629455566406,0.000100000005,0.8508245348930359,0.6684127449989319
8,0.9451466798782349,0.16309228539466858,0.000100000005,0.8501412868499756,0.7050985097885132
